id,type,expert_area,source_ref,question,context,status,answer_ref
gap-a1,generate,Ariyana,gap-report#A1,"Walk through the room reset checklist item by item, then pick two common procedures and talk through the tray setup: what always goes on it and what you stage just in case. If visual guides, laminates, or photos already exist, where are they?","The framework references the room reset checklist, per-procedure tray guides, an instrument ID guide, and sterilizer steps (moves 56, 102) but none of that content is in the export. First thing a new assistant asks in week one. Blocks CLIN-17, CLIN-18, RSVD-3, and 5 new-DA questions.",open,
gap-a2,generate,Ariyana,gap-report#A2,"Pretend I am a brand-new assistant: what charting abbreviations and codes do we actually use, what does a good clinical note draft contain, and walk me through the last time someone found a charting mistake after the family left. Who fixed it, how, and where was that recorded?","Missing: Alcan charting conventions, a software walkthrough, the draft-to-signed note workflow, and above all the correction workflow for charting errors found after the visit. Blocks CLIN-19 and CLER-23; everyone eventually mis-charts and nothing says what to do next.",open,
gap-a3,generate,Ariyana,gap-report#A3,"Give three real examples each of: something an RDA just handles chairside, something that always goes quietly to the doctor, and something that goes to the office manager. Then: what would you say if a parent complained to you about the doctor, and how far can an RDA go describing risks of delaying treatment before it becomes the doctor's conversation?","The framework teaches the conversational moves but never says where the RDA's lane ends. This one theme blocks five chapters (CULT-26, CULT-28, CASE-29, CASE-30, CASE-32).",open,
gap-a4,generate,Ariyana,gap-report#A4,"List the Parent Pre-Treatment videos we have, say which procedure each one goes with and where you pull it up, then describe the operatory comfort setup: headsets, what kids can watch, anything off-limits.",Playing the correct video is a scored pro move (127) but nothing says which videos exist. Blocks parts of CLIN-20 and CULT-27. Ten minutes in an operatory with a phone closes this. Related: adj-pre-treatment-video-protocol asks which visit types require the video.,open,
gap-a5,generate,Ariyana + Dr. Alex,gap-report#A5,"For each common procedure (crowns, pulpotomy, sedation visits, SDF, sealants), say out loud exactly what you tell the parent afterward: numbness, eating, what to watch for, when to call. Do printed handouts exist?","Only two aftercare scripts are sourced (filling, extraction). The referenced Aftercare Script document is not in the export. Blocks CLIN-20 and CASE-14; the front desk is also expected to give aftercare from memory (move 49).",open,
gap-a6,generate,Ariyana,gap-report#A6,"Where do the consent forms live in the software and how do you match form to procedure? Then tell the real story of a time the adult at the visit was not on the authorized list: who did you call, and did the appointment happen?",Missing: the procedure-to-consent-form matrix and the day-of workflow when the accompanying adult is not authorized. Dr. Alex already gave the special-consent procedure list (CLER-406); this is the workflow side. Related: adj-authorized-adults-consent covers which written protocol is current.,open,
gap-a7,generate,Ariyana,gap-report#A7,"What does a Lead DA actually do in a week beyond assisting? When you observe someone during a procedure, what are you watching for and where do you write it down? And how do you deliver a correction to someone you work beside all day?","The framework holds exactly one Lead pro move. CLIN-554 is nearly empty without the fuller role definition, observation rubric, and feedback expectations. Also feeds the coaching cascade in the management model.",open,
gap-a8a,generate,Ariyana + Dr. Alex,gap-report#A8,"For each image type we take, what makes an x-ray good enough to keep, and how many retakes are acceptable before you stop?","Small confirmation, batch into any session. Blocks CLIN-18 and one new-DA question.",open,
gap-a8b,generate,Ariyana,gap-report#A8,"Talk through the complete patient status workflow from arrival to checkout so the RDA's two transitions sit in context, and name the preferred doctor-flow channel at each office.",Small confirmation for CLER-22. Related: adj-checkin-procedure covers the front-desk half.,open,
gap-a8c,generate,Ariyana,gap-report#A8,"By procedure, what is an RDA allowed to do in our states and what is doctor-only? Where does a new RDA look this up?",The RDA scope-of-practice breakdown by procedure and state rules is missing. Blocks CLIN-18.,open,
gap-a8d,generate,Ariyana,gap-report#A8,"What is on the high-turnover disposables checklist, what happens after something is flagged low, what do the RDA Uptime tasks contain, and where does the Reschedule list live?",Small confirmations for CLER-21 plus one new-DA question. Also flag: the training resources on move 63 are placeholder links (a YouTube music video and yahoo.com) and should be replaced or retired.,open,
gap-a8e,generate,Ariyana,gap-report#A8,"What counts as an extreme case where we skip the Google review ask, where does the QR code live, and do we ask repeat visitors every time?",Review-ask etiquette confirmation for CULT-25.,open,
gap-a8f,generate,Ariyana,gap-report#A8,"Do the comfort offers (coffee, blanket, headset) apply at every visit type or only procedures?",One-sentence confirmation for CULT-27.,open,
gap-d1,generate,Dr. Alex,gap-report#D1,"For each sedation type (nitrous, oral sedation, GA) and for regular treatment visits: what are the exact NPO cutoffs, what counts as breaking them, and what does the front desk do when a parent says the child already had something this morning?","The single most-referenced missing document in the corpus. The referenced Pre-Op Checklist content is not in the export; one sourced script says only 'no food or drink after midnight.' Blocks 4 chapters and at least 4 questions across 3 roles, and it is safety-critical.",open,
gap-d2,generate,Dr. Alex,gap-report#D2,"Walk through, step by step and by role: a child faints in the chair; then the needlestick drill (first five minutes, who gets told, what gets filed); then the mandated-reporter path for suspected neglect (who does the doctor call, who else needs to know?).","Fills RSVD-4, currently an empty shelf, and answers 6 urgent questions across three banks. Tim can add the facility and incident-report side afterward. Related: adj-exposure-incident-protocol confirms the existing incident report template.",open,
gap-d3,generate,Dr. Alex,gap-report#D3,"Confirm the AAPD dosing table we captured is current and name the one reference document doctors should use chairside. Then: what goes in the med log and when, what is the play when a sedation is failing mid-appointment, where does GA physically happen for us, what exactly counts as treatment time for the 20 and 40 minute boundaries, and say the parental separation policy out loud the way you would say it to a parent.","Blocks parts of CLIN-404, CLER-405, CLER-406, CASE-412, CULT-408. The drafted CLIN-404 quotes mg/kg numbers with a verify-before-use warning that needs to become a verified fact. Related: adj-sedation-drug-logs and adj-bmi-presedation-checklist cover the current forms.",open,
gap-d4,generate,Dr. Alex,gap-report#D4,"When a parent declines x-rays or treatment, what physically gets documented and on what form? How many conversations before it becomes a standards-of-care boundary? And when a family truly is not a fit, what is the transition-out process and who signs off?","The scripts exist and are strong; the paperwork and authority chain behind them are missing. Blocks parts of CLER-406, CULT-410, CLIN-403. Related: adj-radiograph-refusal-policy confirms the 2025 refusal policy is canon.",open,
gap-d5,generate,Dr. Alex,gap-report#D5,"Rapid fire, one-sentence answers are fine: which caries risk tool do we chart and where; what images does a new 4-year-old versus a new 9-year-old get; when is a composite the right call on a baby molar; how do you talk a parent through SDF turning the spot dark; what recall intervals do we use by risk; and name two cost levers you are comfortable with and two you never offer.","The second-question gaps: the framework answers the first question well and the follow-up not at all. Blocks remaining holes in CLIN-402, CLIN-403, CLIN-404, CASE-32, CASE-413, CASE-414.",open,
gap-d6,generate,Dr. Alex,gap-report#D6,Name the AI documentation tool and the x-ray overlay so we stop saying 'the AI system.' What do you do when the note comes back wrong? Is there one blessed exam sequence? What is a 22-point sheet? And give your best two sentences for a parent uneasy about AI reading their kid's x-rays.,"The whole doctor charting model runs through this tool and the corpus cannot currently name it. Confirm the doctor-track AI overlay is OVERJET. Blocks parts of CLIN-401, CLER-406, CULT-408, CASE-15. Note: the 22-point sheet itself is the TMHP Medicaid GA form (see adj-ga-22-point-sheet); what is missing is the explainer.",open,
gap-d7,generate,Dr. Alex,gap-report#D7,"When you change another doctor's treatment plan, do they hear about it and where do you write down why? How do you explain a colleague's reasoning you only half agree with? And when a family leaves saying they will think about it, who owns the follow-up call and when?",Blocks remaining holes in CASE-413 and CASE-414. Matters more every time a second doctor joins a location.,open,
gap-t1,generate,Tim,gap-report#T1,"Screen-record yourself (or a strong OM) doing the Monday routine: pull the Interpreter Report, the missing codes report, and the Same Day Verification report and send it to Medusind, narrating as you click. Then a second recording for VoiceStack: create and assign a To-Do, clear an Opportunities item, sweep voicemail.","The widest gap in the corpus: system how-tos for CareStack, VoiceStack, Iris, Uptime, and the patient portal appear in some form in 14 chapters and 10+ questions. The framework says what to do in these systems on every page and never how. Two recordings unblock more than any other single artifact.",open,
gap-t2,generate,Tim,gap-report#T2,"List every payment option we actually offer and its rules. Then draw the three lines: what can a DFI comp or flex on her own, what can an OM do, and what needs you? Finish with the refund process start to finish, and confirm whether $125 for the limited exam and $30 for fluoride are still right everywhere.","Money moments are where families are lost, and the corpus can teach tone but not substance. Blocks CASE-13, CASE-46, CLER-40, CULT-12, CULT-42, and 7 DFI/OM questions. Related: adj-free-second-opinion holds the 2022 pricing doc under review.",open,
gap-t3,generate,Tim,gap-report#T3,"Answer like you are talking to someone who starts Monday: what time do people arrive, how do you ask for a day off, which holidays are we closed, how do you call in sick (staff, and separately doctors), what do people wear by role, and who does a new hire meet in week one? If any of this exists in a handbook already, point us at it.","The reserved shelves the question banks hammered hardest: about 15 questions land here, including most day-one questions. Blocks RSVD-1, RSVD-2, RSVD-6. Related adjudications: adj-pto-time-off-policy, adj-dress-code, adj-new-hire-onboarding-checklist.",open,
gap-t4,generate,Tim,gap-report#T4,"Walk up the cancellation consequence ladder: first 48-hour cancellation, second, third. What exactly does each level restrict? When does a family get dismissed from the practice, and who approves that? Say it the way a DFI should say it on the phone.","The consequence conversation is a scored move for both DFI and RDA (CULT-10, CULT-25) but nobody can state the actual consequences. The 2022 policy doc and the 2024 scripts disagree; adj-cancellation-late-policy holds the specifics. Also covers proposed shelf RSVD-13 (patient conduct and dismissal).",open,
gap-t5,generate,Tim,gap-report#T5,"With whoever knows our payers best: top three payers, what does each commonly deny? A family arrives and verification never came back, or their Medicaid lapsed: what are their real options today? And for preauths: which system, what documents, and how long before we chase?","The desk is scored on knowing this by memory; the corpus should be where they learn it. Blocks CLIN-4, parts of CLER-5 and CLER-7, CASE-47, and 5 veteran-DFI questions. Also covers the proposed insurance playbook shelf from section 4.",open,
gap-t6,generate,Tim,gap-report#T6,"What are the two weekly Pro Move meetings, who attends each, and how is attendance actually tracked? Where does an OM pull each Monday KPI, and forward one real action-plan email you thought was good. What should an OM watch for in the RDA-to-doctor handoff, and where do they write it down?","Blocks the four thin OM chapters (CLIN-34, CLIN-35, CLER-37, CULT-41) and feeds the program guide shelf (S1) that about 15 NO_HOME questions point at.",open,
gap-t7,generate,Tim,gap-report#T7,"The doctor calls in sick and today is full: walk through the first hour, in order. Two kids double-booked in one slot: who moves and what do we say? And how do we get an interpreter for tomorrow when the Monday report already ran?",The crisis playbook. Blocks parts of CLIN-3 and CLER-7 plus 5 questions. These are exactly the mornings when nobody has time to figure it out from scratch.,open,
gap-t8,generate,Tim,gap-report#T8,"On video at a location, walk the front: show the info board and decode its colors, show the tablets and how the desk suggests a pull order, open the amenity cabinet, show where the music is controlled, and read out the opening and closing checklists if they exist on paper.","Blocks the remaining holes in CLIN-1 (the most gap-dense chapter), CLER-8, CULT-9, CASE-48. All of it is 10 minutes of walking around an office.",open,
gap-t9,generate,Tim,gap-report#T9,"Paste the review-response template and say where DFIs find it. Then: a one-star review names a team member. Who owns the response, what is the policy, and what should the OM say to the team member?",The framework covers only positive reviews. Blocks part of CULT-11 and the proposed RSVD-12 shelf. Related: adj-google-review-response holds the current-tool question.,open,
gap-t10a,generate,Tim,gap-report#T10,"When does something go in a patient memo versus an appointment note, and what should a DFI escalate from desk observations versus just log?",Small confirmation for CLIN-2.,open,
gap-t10b,generate,Tim,gap-report#T10,"Which complaint types does the desk escalate immediately, how are escalations documented, where is the OM complaint log, and what is the threshold for pulling in a regional?",Small confirmation for CULT-12 and CULT-42.,open,
gap-t10c,generate,Tim,gap-report#T10,"Who is the marketing contact, what is the submission channel, what are the weekly content assignments, and what is the photo/video consent policy for posting patients?","Small confirmation for CULT-44, plus community event expectations.",open,
gap-t10d,generate,Tim + Dr. Alex,gap-report#T10,"For each doctor: training, years, and strengths a DFI can say to a parent. And what is the canonical list of our technology with a parent-friendly benefit line for each?",Per-doctor credibility fact sheets and the technology list. Blocks CASE-15 and CASE-31.,open,
gap-t10e,generate,Tim,gap-report#T10,"The OM move says 'estimated family contribution' while DFI and RDA moves say 'patient portion' or 'patient responsibility.' Which phrasing is preferred, or are both fine?",One-sentence canon call for CASE-45. Note the Dec 2025 insurance cheat sheet (adj-insurance-phrasing-scripts) uses 'estimated patient responsibility.',open,
gap-t10f,generate,Tim + Dr. Alex,gap-report#T10,"Where is the specialist referral directory for each location, and what is the send and follow-up workflow for a referral?",Blocks CLIN-404 and CLER-405. Dr. Alex's 2024 referral overview says each office has a cheat sheet in its Basecamp folder; confirm those are current.,open,
gap-t10g,generate,Tim,gap-report#T10,"When treatment expands mid-appointment, how are the new estimate, consent, and payment handled before the family leaves?",Small confirmation for CLIN-404. The GA-day version is documented (Jan 2025 COLLECTING GA PAYMENTS); the non-GA version is not.,open,
gap-t10h,generate,Tim,gap-report#T10,"What charitable care programs do we work with (St. David's Foundation is named as one), how is program status flagged on a patient, and what counts as long distance?",Small confirmation for CLIN-404.,open,
gap-t10i,generate,Tim,gap-report#T10,"Is there an official play-area introduction script, and if so what is it?",Small confirmation for CLER-6.,open,
gap-t10j,generate,Tim,gap-report#T10,"What study materials or onboarding curriculum exist for front desk dental knowledge, and can we get the canonical common-procedures table: names, durations, codes, one-line descriptions?",Blocks CLIN-4. Needs clinical review from Ariyana or Dr. Alex on the procedures table.,open,
gap-s1,generate,John + Tim,gap-report#S1,"Write the program explainer a new hire reads in week one: what a Pro Move is, what the two weekly meetings are, who scores you and where you see scores, whether a manager can change assignments, how to dispute a score, and why this is not busywork.","The largest single finding of the run: about 15 NO_HOME questions are people asking Ask about Ask's own world. John writes the explainer; Tim confirms the operational mechanics (gap-t6). Live-data questions (my moves this week, my scores) need platform tools, not documents.",open,
gap-s2,generate,Tim,gap-report#S2,"For the people-management moments (writing someone up, a termination question, a harassment or discomfort report): who does an OM talk to, in what order, and what does the corpus say versus route to a human?","Proposed RSVD-9 shelf. Hard rule: the corpus routes to humans and never plays HR. The deliverable is the routing map, not HR policy.",open,
gap-s3,generate,Tim + Dr. Alex,gap-report#S3,"Walk through what we do when: a parent wants x-rays emailed, another office requests records, a lawyer requests the chart, custody documents or court orders arrive, and someone wants to film in the operatory.","Proposed RSVD-10 shelf: records release, privacy, and legal requests. Five questions across three banks. Tim owns process; Dr. Alex the clinical-records side. Note adj-radiograph-records-requests covers the routine radiograph-request case.",open,
gap-s7,generate,Tim + Ariyana,gap-report#S7,"For each role, talk through the daily rhythm: what you do first thing, what morning huddle is and who runs it, and what closing looks like.","Proposed RSVD-14 shelf. 'What do I do first thing' and 'what is morning huddle' currently have no home; huddle appears only inside a doctor pro move. The RDA and manager daily checklists (adj-rda-daily-checklist, adj-daily-manager-checklist) supply raw material.",open,
gap-s8,generate,Tim,gap-report#S8,"What are the family-facing practice policies on filming and photos in the operatory, siblings in the room, and chaperones?","Proposed small shelf from section 4. Overlaps the filming item in gap-s3. Note: S4 (payments/collections), S5 (reputation), S6 (dismissal) are covered by gap-t2, gap-t9, gap-t4; the S8 glossary is gap-b14; dress code is adj-dress-code.",open,
gap-b1,generate,Tim + John,gap-report#B1,"In one page: what does Alcan stand for? Mission, values, and the sentence you would want every team member to say when a parent asks why this office is different.",The literal answer to 'what does Alcan stand for.' Check the employee handbook first when John obtains it; write it if the handbook does not carry it.,open,
gap-b2,generate,Tim + Dr. Alex,gap-report#B2,"Tell the founding story out loud: how Kids Tooth Team started, who Tim and Dr. Alex are, and how it grew into the Alcan Dental Cooperative. What moment made you know this should be bigger than one office?",Founder interview capture; only the founders can produce this. Humanizes every answer the bot gives.,open,
gap-b3,generate,John,gap-report#B3,"Write the coaching philosophy page: why staff rate themselves, why scores exist, and why this is growth rather than surveillance, in Alcan's own words.",Adapt brand-brief.md and management-model.md. Grounds 'why do I rate myself' answers in intent.,open,
gap-b4,generate,Dr. Alex + John,gap-report#B4,"What is our promise to families? Curate the posts that show the patient experience standard, and say the standard in two sentences a new hire could repeat.",Curate Dr. Alex's Basecamp posts. Lets policy answers cite the why behind the rule.,open,
gap-b5,generate,John,gap-report#B5,"Write the one-pager on offices and structure: which locations exist, which brand each belongs to, and how organization, group, and location fit together.","Basic orientation, new-hire staple. Source: handbook plus the database.",open,
gap-b6,generate,Tim + John,gap-report#B6,"Who owns what? Name the leadership team and, for each person, the kinds of questions that should land on their desk.",Doubles as the escalation routing map (pairs with gap-s2 and the org chart ask in gap-t3). Needs to be written; nothing exists.,open,
gap-b7,generate,John + Tim,gap-report#B7,"Write the role guide: why the front desk is called Director of First Impressions, and what each role name says about how we see the job.",Role names carry culture. Sources: UK-expansion JDs and the handbook.,open,
gap-b8,generate,John,gap-report#B8,"Rewrite the weekly loop for staff eyes: what the scores are for, what they are never used for, and what a normal week looks like.",The anti-surveillance grounding in Alcan's own words. Staff-voice rewrite of system-overview.,open,
gap-b9,generate,John + Tim,gap-report#B9,"How do we celebrate? Describe glows and grows, Vitals, kudos, the annual meeting, and TOPS with lived specifics.",Curate Basecamp for recognition traditions. Answers 'how do we celebrate' with specifics instead of generalities.,open,
gap-b10,generate,Tim,gap-report#B10,"What is the employee promise? CE support, pay-band transparency, and the career path story, framed as growth.",Handbook is the expected source; check it first when it lands.,open,
gap-b11,generate,Tim,gap-report#B11,"What are the communication norms: what belongs in Basecamp, what belongs in huddle, and where do the important things live?",Powers 'where do I find or post X' answers. Sources: handbook plus Basecamp itself.,open,
gap-b12,generate,Tim,gap-report#B12,"Curate the house script style: the posts that show how we talk to families, so the bot can quote verbatim scripts in the house voice.",Curate Tim's posts. Source of verbatim scripts for the bot.,open,
gap-b13,generate,Dr. Alex,gap-report#B13,"Which external authorities do we defer to (TSBDE, AAPD, AHA, CDC), and on what topics does each get the last word?","Curate Dr. Alex's posts. Powers 'Alcan defers to X, which says...' answers.",open,
gap-b14,generate,John,gap-report#B14,"Build the glossary of Alcan-isms: Pro Move, DFI, short call list, huddle, and the rest of the vocabulary every other answer leans on.","Overlaps the S8 glossary shelf; treat as one item. Cheap to seed from docs/glossary.md plus the drafting work already done, then staff-voice it.",open,
gap-b15a,confirm,John,gap-report#B15,"Sign off (or amend) the staff bio policy sketch: bios are self-authored and opt-in, platform data never enters bio or corpus documents, compensation and HR history are always excluded, and the bot declines evaluative questions about people.",Policy sketch is drafted in the gap report pending John's sign-off. The platform-data firewall is the same class as the conversation-privacy consent rule and needs a system-prompt rule when bios land.,open,
gap-b15b,generate,John,gap-report#B15,"Write the short bio template each person fills in: name, role, location, what they own, how to reach them, background they choose to share, and one personal line in their own words.","Leadership first (overlaps gap-b6), then everyone. Blocked on gap-b15a sign-off.",open,
adj-emergency-action-plan-texas,adjudicate,Dr. Alex,conflict-group:emergency-action-plan-texas,"Is the June 2025 Kids Tooth Team Texas Emergency Action Plan the single current EAP for all Texas offices, making the 2020-2024 per-office Buda, South Austin, and Kyle plans historical?","17 items. Dr. Alex posted per-office plans yearly (Buda 2020-2024, South Austin 2021-2024, Kyle 2023-2024), then a consolidated 'Kids Tooth Team Texas Emergency Action Plan' plus a 2025 annual update in June 2025 (items 9162459702, 9162459715, with duplicate postings). If yes, only the 2025 pair stays in the corpus.",open,
adj-xray-operating-safety-procedures,adjudicate,Dr. Alex,conflict-group:xray-operating-safety-procedures,"Which x-ray operating and safety document should staff actually read: the KTT Texas X-Ray Safety and Operating Procedures Manual (posted 2023), the office template built on TX DSHS TAC 289.232 (2023), or the signed 2026 per-office sheets Raul posted in July 2026?","13 items. The 2023 manual (9162456057) and template (6378753690) carry the substance; the 2026 uploads (South Austin, Buda, Kyle, Pflugerville, Steiner Ranch) are signed compliance paperwork. Likely answer: manual is the reference, signed sheets are records, but confirm the manual is still current.",open,
adj-xray-frequency-protocol,adjudicate,Dr. Alex,conflict-group:xray-frequency-protocol,"Is there one current x-ray frequency protocol, or does each brand keep its own chart? Specifically: does the Sprout revision (3 PAs for ages 7-11 and 12+, per Dr. Justin, June 2025) apply everywhere, and is the 2023 KTT message still the Texas rule?","4 items. Dr. Alex's Sep 2023 KTT message: 2 or 4 bitewings plus 2 anterior PAs every 6 months for treated-decay/watch/high-risk kids, pano once 7s and 10s erupt then every 3-5 years. Sprout's chart was revised June 2025 to 3 PAs (2 upper, 1 lower) for 7+. Michigan has a 2023 PDF; Big Apple has its own 2024 sheet.",open,
adj-radiograph-refusal-policy,adjudicate,Dr. Alex,conflict-group:radiograph-refusal-policy,"Confirm the June 2025 radiograph refusal policy (x-rays required for comprehensive exams over age 4, one grace visit at recall only with no active concerns, no continued care past a year without radiographs for high-risk patients) is current and applies practice-wide across all brands.","3 items, same policy posted June 2025 in the doctors space (by Tim), KTT (by Dr. Alex), and Sprout (by Dr. Justin). No real conflict; one canonical copy should survive.",open,
adj-radiograph-records-requests,adjudicate,Tim,conflict-group:radiograph-records-requests,"Confirm the radiograph request protocol is current: outside images must arrive 24 hours before the appointment, we request exposure dates and DICOM format, and we may retake if quality is insufficient.","2 items: Dr. Justin's June 2025 Sprout doc (8780603588) and an archived April 2025 posting of the same protocol. Confirm it applies to all brands, not just Sprout.",open,
adj-after-hours-on-call-protocol,adjudicate,Dr. Alex,conflict-group:after-hours-on-call-protocol,"State the current after-hours protocol in one breath: who takes first call, which RDAs share call (Lead only, or Lead and Senior), the availability window (7am-10pm or 8am-10pm), the response time, and the current come-in stipend.","9 items spanning eras. 2022: external call group, $200 after-hours fee, $50 RDA call-in pay (5670594124). Dec 2024 (Colleen): only Lead RDAs, 7am-10pm, 15-minute response, $100 (8089225479). Dec 2025 (Dr. Alex): internal on-call replaces the call group effective Jan 1 2026, year-round press-2 voicemail managed by Lauren, 8am-10pm, $100 (9410617970). June 2026 schedule post says Lead AND Senior RDAs share coverage, notify Frank for the stipend (9956195553). Also: Aug 2025 pain-call escalation with 30-minute on-call fallback (9003828192).",open,
adj-quarterly-emergency-drill-process,adjudicate,Dr. Alex,conflict-group:quarterly-emergency-drill-process,"For the quarterly emergency drill: is Done Desk now the only place signed sheets go (not Basecamp folders), and where exactly in Done Desk does an office upload them?","3 items. Sep 2024 established the routine with upload to the office Basecamp folder (7856032784); June 2025 and April 2026 instances switched to Done Desk. April 2026 comments from two PMs asking where in Done Desk went unanswered (9835823618). Every doctor must complete it for malpractice compliance, with make-ups.",open,
adj-emergency-training-signin-sheet,adjudicate,Dr. Alex,conflict-group:emergency-training-signin-sheet,"Which blank emergency training sign-in sheet is the current one to print: the 2024 Alcan-branded quarterly sheet, or one of the older Michigan, Texas, or PM-space templates?","5 items, blank templates posted 2022-2024 across spaces. Likely the Sep 2024 Alcan sheet (9362178032) is canon; confirm and retire the rest.",open,
adj-exposure-incident-protocol,adjudicate,Dr. Alex,conflict-group:exposure-incident-protocol,Confirm the Alcan Blood and Body Fluid Incident Report and Protocol Template (posted 2023) is the current exposure form for all offices.,"3 items: identical template posted in Alcan, KTT, and KTT Texas spaces. A June 2026 comment still points a doctor at it, which suggests it is live. One canonical copy should survive.",open,
adj-waterline-testing-instructions,adjudicate,Ariyana,conflict-group:waterline-testing-instructions,"For waterline testing today: do offices use QuickPass, ProEdge mail-in, or both; and where do results get uploaded now (the 2023 post says Basecamp)?","8 items from April 2023: QuickPass in-office instructions (CDC 500 CFU/mL threshold, corrective actions) and ProEdge instructions, posted across MI, TX, and RDA spaces, plus Dr. Alex's Lead RDA reorg post with a video and upload locations (6026805184). Nothing newer than 2023; confirm the process still runs this way.",open,
adj-emergency-med-expiration-tracking-mi,adjudicate,Dr. Alex,conflict-group:emergency-med-expiration-tracking-mi,"Confirm the Lake Orion emergency equipment expiration to-do list is the live tracker doctors check monthly, and the late-2023 one-time medication expiration list is dead.","2 items. The one-time list (6873018470) has 2024-2026 expirations, all stale. The to-do tracker (6378763036) is described as the maintained master.",open,
adj-sedation-drug-logs,adjudicate,Dr. Alex,conflict-group:sedation-drug-logs,"Are the 2022 blank per-drug sedation logs (diazepam, hydroxyzine, meperidine, midazolam) still used now that the Alcan BMI and Sedation Calculator (Aug 2026) produces the sedation log that gets copied into the chart?","11 items: identical blank PDFs posted 2022 across doctors, KTT, and Steiner spaces. The Aug 2026 calculator rollout (see adj-bmi-presedation-checklist) has the doctor record final doses in the calculator and copy the log into the chart, which may retire these forms.",open,
adj-sedation-patient-screening,adjudicate,Dr. Alex,conflict-group:sedation-patient-screening,"Confirm the three sedation screening layers are all current and cumulative: the 2023 Alcan Sedation Safety Recommendations (AAPD-mirroring doses with the stricter 14mg midazolam cap, BMI dosing rules, exclusion list), the Feb 2026 maternal Venezuelan heritage rule (no in-office GA, hospital only), and the Aug 2026 sleep apnea framework for OCS candidacy.","3 items, different layers rather than contradictions, but the 2023 doc is the one the framework quotes and needs a current-or-not call, including whether the 14mg midazolam cap is practice policy or personal preference (the doc says doctors may go to the AAPD 20mg).",open,
adj-bmi-presedation-checklist,adjudicate,Dr. Alex,conflict-group:bmi-presedation-checklist,"Which presedation checklist is current (the Alcan 2025 PDF, the Feb 2026 KTT Texas version, or the further-updated one posted with the calculator rollout), and is the web calculator at mypromoves.com/sedation now mandatory for every hygiene and sedation visit?","5 items. Checklist PDFs: Alcan Mar 2025 (8451234916), MI Nov 2023, KTT Texas Feb 2026. Aug 2026 calculator rollout (10161337384 and the KTT copy 10151936031): RDA captures vitals and history, doctor completes dosing in the calculator; comments moved it from a Google Sheet to the website and posted an updated checklist keeping max local anesthetic and reversal doses on paper.",open,
adj-sedadent-patient-packet,adjudicate,Tim,conflict-group:sedadent-patient-packet,"Confirm the SedaDent 2024 v4 pediatric packet (English and Spanish, posted Feb 2024) is the current GA paperwork set and the 2022-era PPW packets are dead.","6 items: 2022 English/Spanish packets in two spaces, the 2024 v4 packet (7800927685), and the Feb 2024 announcement of both languages. Note the Feb 2025 Sedadent protocols update says the new packet no longer accepts credit card info.",open,
adj-ga-medicaid-preauth-process,adjudicate,Tim,conflict-group:ga-medicaid-preauth-process,"Confirm the Feb 2025 'NEW Sedadent Protocols' (per-MCO instructions PDF, flag whether UHC pre-auths included x-rays, verify active Medicaid coverage on the day of treatment before induction) fully supersede the 2022 GA Medicaid pre-auth process doc.","4 items. The 2022 doc (7800929103) has per-payer detail still not restated anywhere: DentaQuest/MCNA/UHC submission steps, D9222/D9223 codes, Sedadent NPI 1144597931 in notes, and the rule that patients 7 and over are auto-denied and need a letter of medical necessity. Decide what carries forward.",open,
adj-ga-22-point-sheet,adjudicate,Tim,conflict-group:ga-22-point-sheet,"Confirm the 22-point sheet process: parents sign at the GA consult, the sheet is uploaded with the Sedadent paperwork and e-signed by the doctor via Adobe (Sep 2024 update), and the TMHP 2021-revision blank form is still the right form.",3 items: the blank TMHP form posted twice (2022) and Colleen's Sep 2024 e-signature update (7796177260).,open,
adj-mcna-therapeutic-form,adjudicate,Tim,conflict-group:mcna-therapeutic-form,"Is the blank MCNA Dental Therapeutic form (posted 2022) still part of the Medicaid authorization paperwork, and is the posted version current?","2 items, same blank form in KTT and KTT Texas spaces.",open,
adj-ga-appointment-changes,adjudicate,Tim,conflict-group:ga-appointment-changes,"Who exactly may cancel or reschedule a GA appointment today: office managers only (Nov 2024 doc), doctors and practice managers only (Tim's comment on that doc), or practice managers for any change of any kind (June 2025)? And is the Michigan arrival-time-only communication rule (June 2026) practice-wide?","5 items. Jul 2024: DFIs may not answer any GA questions, all changes to PM (7621061455). Nov 2024 scripting doc: only an OM may cancel, with retention scripts; Tim's comment tightens to doctors and PMs only (9362178987, also posted in Sprout). Jun 2025: GA scheduled by check-in time, any change PM-only (8721841127). Jun 2026 MI: communicate only arrival time, never internal start time (10028737894).",open,
adj-ga-financial-policy,adjudicate,Tim,conflict-group:ga-financial-policy,"State the current GA money rules by region and payer: is the Texas PPO deposit still $200 refundable (2023), is the $200 non-refundable Medicaid case management fee from the 2022 GA script still charged, and are the Michigan deposits still $500 for mask down and $1000 for a full case (Aug 2024)?","5 items. 2023 TX protocol: $200 refundable PPO deposit with signed agreement, no Medicaid deposits allowed by policy, NCS form rules (7800916900). 2022 TC consult script: $200 non-refundable Medicaid dental case management fee (7800924936), which conflicts with the no-Medicaid-deposit rule. MI Aug 2024 notes: $500/$1000 deposits (7717431397). Jan 2025: GA-day collection flow, parent pays PM before recovery (8187079677). John kept 7717431397 with a stale flag.",open,
adj-ga-referrals-mask-down,adjudicate,Dr. Alex,conflict-group:ga-referrals-mask-down,"Reconcile mask downs and GA referrals: Texas stopped offering Medicaid mask downs in 2023 (refer to oral surgery), while Michigan offers in-house mask downs at $420 versus $900 GA (Aug 2026). Is that the current per-region picture, and is the referral list still current (San Antonio Surgical Arts, Dr. Nitin Raju at Super Smiles added 2024, Special Needs Dental Austin, Hill Country Oral Surgery)?","5 items: 2023 GA updates in doctors and KTT spaces with different named referral offices, the 2024 Raju addition, Dr. Alex's 2024 referral overview pointing to per-office cheat sheets, and the 2026 MI mask-down clarification (10168066712).",open,
adj-sdf-coverage-billing,adjudicate,Tim,conflict-group:sdf-coverage-billing,"State the current SDF coverage rules: which Medicaids cover it and to what age, the 6-month GA block, the same-day fluoride exclusion, the Outreach write-off exception, the Delta Dental non-coverage rule (2026), and the Michigan rules. Is the Dec 2024 post fully superseded by the Jan 2025 one?","5 items. 2023: Medicaid GA block, Outreach billing (6713012553). Dec 2024 rules partially superseded; Dr. Kasey's comment holds MI rules (all ages, 3-month treatment hold, max 5 teeth, once per tooth per lifetime). Jan 2025: all three TX Medicaids (UHC, MCNA, DentaQuest) cover SDF, age cap 6, second applications out-of-pocket (8170773479). Jan 2025 pricing: UCR minus 15% with NCS form after denial (8253619526). Jul 2026: Delta Dental does not cover code 1354, collect Delta fee from patient (10140580153).",open,
adj-zirconia-crown-billing,adjudicate,Tim,conflict-group:zirconia-crown-billing,"Confirm the current zirconia crown billing matrix: Texas Medicaid treats D2929 as non-covered (charge UCR with a signed NCS form, no prior auth needed, per Jun 2025), while some Michigan Medicaid plans now cover it (bill insurance directly) and PPOs everywhere are set at 15% off UCR with the balance collected from the patient on the day of service (Jul 2026).","3 items: the Jun 2025 TX clarification (8715863370), the Jul 2026 billing protocol (10151626523), and the Jul 2026 MI clinical standard keeping stainless steel as the posterior default with zirconia for medical necessity (10102433332).",open,
adj-medicaid-noncovered-services-form,adjudicate,Tim,conflict-group:medicaid-noncovered-services-form,"Confirm the single NCS rule: any time a Medicaid patient pays out of pocket, a Non-Covered Services form listing the specific teeth, procedure code, fee, and member ID must be signed before payment, and for IPC the billing order flips from N to D to get the denial on record.","3 items: the 2024 standards-and-values consent post with legal validity requirements (7800845943), the Mar 2026 reminder (9649551273), and the Jan 2025 IPC billing procedure (8201480323). Consistent story; confirm as one rule.",open,
adj-texas-medicaid-preauth,adjudicate,Tim,conflict-group:texas-medicaid-preauth,"Do the July 2026 Texas Medicaid pre-auth guidelines (always pre-auth all sedation and all extractions, repeated fillings; sealants once per tooth per lifetime; NCS form on denial) fully replace the 2023 rule of creating a pre-auth for every single Medicaid treatment plan?",2 items: Raul's Jul 2026 guidelines (10151076279) versus the Nov 2023 send-everything-to-the-TC rule (6750337748).,open,
adj-sealant-coverage-planning,adjudicate,Tim,conflict-group:sealant-coverage-planning,"Confirm sealant coverage planning by region: Texas PPO plans mostly cover only permanent first and second molars (2, 3, 14, 15, 18, 19, 30, 31) so anything else needs a signed non-coverage acknowledgment, while Michigan Healthy Kids covers sealants on all primary teeth and all permanent molars and premolars.","2 items: Colleen's 2022 KTT reminder (5385551842) and Dr. Kasey's Mar 2026 MI post (9659007046). Regional split, not a contradiction; confirm both remain accurate, including the 2026 TX once-per-tooth-per-lifetime Medicaid note from adj-texas-medicaid-preauth.",open,
adj-michigan-exam-codes,adjudicate,Dr. Alex,conflict-group:michigan-exam-codes,"For Michigan exam coding, is the Aug 2025 'Michigan Exams' care panel (consultation code for Medicaid consults, limited exams for PPO/cash only, caries risk codes removed, D1206 fluoride all ages) plus the under-3 baby exam explosion code (Jun 2025) the complete current picture, superseding the Feb 2024 use-the-PPO-explosion-code rule?","3 items: 7058500051 (2024, with Tim's Michigan-only clarification), 8988033110 (Aug 2025 care panel), 8793810764 (Jun 2025 under-3 code).",open,
adj-free-second-opinion,adjudicate,Tim,conflict-group:free-second-opinion,"Two-parter: (1) confirm the July 2026 free second opinion definition and role split (parent brings x-rays plus a treatment plan; DFI establishes and notes it, DA informs the doctor, PM adjusts charges off under the Free Second Opinion code); (2) are the 2022 limited exam prices still right: free for Medicaid, $76.50 plus x-rays capped at $125 for PPO, and the $125 new patient special?","2 items: the 2022 Limited Exam Policy doc (5164429275, also the source of the $125 figure the gap report asks about) and Wes's Jul 2026 clarification (10080591671).",open,
adj-insurance-verification-process,adjudicate,Tim,conflict-group:insurance-verification-process,"Confirm insurance verification is now Medusind's job and the DFI's job is only to log the plan as Pending Verification with subscriber ID or SSN and set the hierarchy (Primary/Secondary Dental), making the 2022 DFI-verifies checklists historical.","4 items: two 2022 DFI-space guides where DFIs verify on carrier websites (5164417442, 5335945359) versus Raul's Apr 2026 Medusind-era instructions posted in two spaces (9815971556, 9815973031).",open,
adj-insurance-inquiry-scripts,adjudicate,Tim,conflict-group:insurance-inquiry-scripts,"Which insurance inquiry script is canon for 'do you take my insurance' calls: the May 2026 scripting (never say no, book and let verification handle it, audit schedules a week out) or Tim's Nov 2024 script? And does the exception for plans we definitely do not accept (offer the $125 new patient special, e.g. HMOs) still stand?","3 items: Dec 2025 never-say-no-when-OON script (9341057811), Tim's Nov 2024 full call script with the HMO exception (8047924229), Raul's May 2026 new scripting that says it supersedes prior guidance (9912568801). John kept 8047924229 with a stale flag.",open,
adj-insurance-phrasing-scripts,adjudicate,Tim,conflict-group:insurance-phrasing-scripts,"Merge the two phrasing cheat sheets into one canon: is the rule 'estimated insurance benefits / estimated patient responsibility, never covered-or-not-covered, never out of pocket' (Dec 2025) plus 'we are not contracted with your insurance, never out of network' (Aug 2025)?","2 items: the Dec 2025 Alcan cheat sheet (9341045931) and Lauren's Aug 2025 DFI guidance (9004242814). Compatible; needs one merged phrase list, which also answers gap-t10e.",open,
adj-metlife-network-policy,adjudicate,Tim,conflict-group:metlife-network-policy,"Confirm the Apr 2026 MetLife policy is the only current one: in network ONLY with MetLife PDP+, honor the PDP+ fee schedule for all MetLife plans, set non-PDP+ plans at a 30% patient copay collected at time of service with refund if MetLife pays more, and never attach UCRs to MetLife. That would retire the Apr 2024 out-of-network scripting and the 2023 contract-conversion playbook.","4 items: Wes's Apr 2026 policy doc and message copy (9761707796, 9761718516), the Apr 2024 scripting John kept with a stale flag (7305404817), and Tim's 2023 conversion playbook, also kept with a stale flag (6246853442).",open,
adj-cancellation-late-policy,adjudicate,Tim,conflict-group:cancellation-late-policy,"State the current cancellation consequence ladder in plain words: does the 2022 policy still hold (first no-show or under-48-hour cancellation restricts rebooking to midday slots for 12 months; second puts the family on same-day standby; third terminates with 30 days emergency coverage), or is the softer 2024 script ladder (courtesy reschedule, then 24-hour scheduling list) the real policy? And is 15 minutes late still an automatic reschedule everywhere?","4 items: the 2022 policy docx (5164431536), Taryn's Mar 2024 scripts (7175558287, kept by John with a stale flag), Sprout's Sep 2025 scripting matching the 2024 ladder plus a call-at-5-minutes rule (9115899861), and MI's Jul 2026 emergency and 15-minute-late update (10125601061). This is the same ladder gap-t4 asks Tim to state; answering either closes both.",open,
adj-schedule-blocks,adjudicate,Tim,conflict-group:schedule-blocks,"Who may place a schedule block today: office managers exclusively (Aug 2026), only with doctor approval (Tim's Jun 2025 rule), or the office's designated person (MI Jan 2025)? Say the one current rule.","3 items: Raul's Aug 2026 OM-exclusive update (10173068106), Tim's Jun 2025 founder rule that nobody blocks open slots without doctor approval (8768920592), MI's Jan 2025 designated-person post built around the no-show rate and 45 patients/day design (8187679912). Likely the Aug 2026 rule supersedes; confirm.",open,
adj-lap-exam-scheduling,adjudicate,Tim,conflict-group:lap-exam-scheduling,"What is the current lap exam scheduling rule: designated staggered slots only (Feb 2026), or the older 45-60 minutes between lap bookings (Feb 2024)? And does side-by-side family booking remain the one exception?","3 items: Feb 2024 guidance (7065372604), May 2025 stagger-and-cooperate reminder (8649893348), Feb 2026 designated-slots rule (9552886632).",open,
adj-checkin-procedure,adjudicate,Tim,conflict-group:checkin-procedure,"Confirm the current check-in canon: the Jun 2024 CareStack flow (mark every arrival Arrived, verify paperwork/insurance/memo, Arrived - NO PPW when incomplete, only Checked In patients get pulled back) plus the Jul 2026 status guide definitions and punctuality rules. Do the 2024 PDF and the 2026 guide agree everywhere?","3 items: Colleen's Jun 2024 procedure (7497575403), the written DFI PDF (7500617976), and Ariyana's Jul 2026 appointment status guide with DFI-back-by-1:50 and on-time pullbacks at 8, 9, and 2 (10103572403).",open,
adj-authorized-adults-consent,adjudicate,Tim + Dr. Alex,conflict-group:authorized-adults-consent,"Confirm the current authorized-adults stack: annual Patient Consent to Treat and Office Policies form (2023), check-in verification of every accompanying adult against the consent and HIPAA forms with the 2025 script, guardianship paperwork required before GA or sedation scheduling for non-biological guardians, and the dedicated authorized-adults form Dr. Alex added to CareStack Forms in 2025.","6 items: 2023 guardianship policy (6241198337), 2023 annual re-sign form change (6161785586, 6326692597), and the May 2025 check-in protocol posted in three brand spaces (8646634646, 8644466110, 8648735784 with the CareStack form comment). Cumulative, not conflicting; needs one merged statement. Answering this also grounds gap-a6.",open,
adj-asl-interpreter-policy,adjudicate,Tim,conflict-group:asl-interpreter-policy,"Confirm the current ASL/deaf patient policy: Jeenie or CyraCom live video at the practice's expense for everyone (ADA Title III), in-person interpreters through Medicaid with 2 weeks notice and code D0009 on the appointment, the ASL Services Acknowledgement form in every ASL family's paperwork, and (per Feb 2026) Jeenie reserved for urgent cases only because it costs more than the visit collects.","6 items: Dr. Alex's 2024 protocol message and formal policy doc (7800673643, 7800971491), the Jan 2025 checklist reinforcement (8234806041), and the Feb 2026 Medicaid workflow posted in three spaces (9615780719 and copies). The Jeenie-as-courtesy versus Jeenie-only-if-urgent shift is the one real change to adjudicate.",open,
adj-interpreter-request-medicaid,adjudicate,Tim,conflict-group:interpreter-request-medicaid,"Are the 2022 how-to PDFs for requesting a Medicaid interpreter (the general one, and the MCNA-specific email method) still the correct procedures?","3 items: the same 2022 PDF in two spaces (7800971438 kept by John, 5159739576) and the MCNA email method (5681788825). The Feb 2026 ASL workflow leans on this process still working.",open,
adj-pto-time-off-policy,adjudicate,Tim,conflict-group:pto-time-off-policy,"State the current PTO and time-off rules in one breath: accrual (10 days, 15 after 5 years, 4 or 8 hour increments, credited Jan 1), all requests through Deputy, and the real notice requirement: is it 60 days with blackout dates (Nov 2025 Alcan post), two weeks (Jul 2025 Sage/Justin offices), or does it differ by office group?","7 items: Frank's Jun 2026 accrual post (10040784527), Tim's Jun 2025 Deputy-only rule (8736137121), the Jul 2025 two-week process for Sage/Justin offices (8894846520), Nov 2025 60-day policy plus blackout dates (9316087186), the 2024 blackout list (6947195735), Sprout Deputy expectations (9076326408), and the office-transfer clocking post with handbook blackout dates (8654169474).",open,
adj-timeclock-corrections,adjudicate,Tim,conflict-group:timeclock-corrections,"Confirm the current missed-punch procedure is Tim's May 2026 policy: email iwilldobetter@alcandentalcooperative.com (Deputy shift comments no longer used for corrections, hospital/off-site clock-ins pre-arranged with Raul, 3+ missed punches in a year is grounds for termination), retiring the Jan 2026 Deputy-comments-only policy and the older email-Colleen and email-Frank routes.","6 items spanning 2025-2026: Colleen's Apr 2025 Deputy-comment procedure, Feb 2025 email-Colleen Wednesday processing, Sprout's 2025 rollout and Frank-routing, Frank's Jan 2026 Deputy-comments-only policy with 5-minute grace (9428805614), and Tim's May 2026 post whose comments explicitly drop Deputy comments (9908288214).",open,
adj-benefits-open-enrollment,adjudicate,Tim,conflict-group:benefits-open-enrollment,"Confirm the standing benefits policy: Alcan pays half the employee's monthly premium, dependents are covered at employee cost, enrollment runs annually via Employee Navigator (2026 cycle added a fourth plan, H75), and Sprout staff now enroll through Alcan like everyone else.","5 items: 2026 open enrollment with the standing premium policy (10025348675), 2025 cycle (8745590621), the 2023 Sana-era post (6250336364, historical), and the two 2025 Sprout transition posts (8774531652, 8978771877).",open,
adj-401k-benefits,adjudicate,Tim,conflict-group:401k-benefits,"Confirm the retirement picture: 401K access is through ADP, and state whether the employer match announced for Sprout (Dec 2025) applies across all Alcan practices or Sprout only.",2 items: the 2024 ADP access doc (8112733436) and the Sprout match announcement (9395444054).,open,
adj-google-2fa-mandate,adjudicate,Tim,conflict-group:google-2fa-mandate,"Confirm the Aug 2026 rule is current: two-factor authentication is mandatory on every office Google Workspace account for HIPAA compliance, with forced password resets for non-compliance, superseding the Dec 2025 post-hack request.",2 items: Dec 2025 Cybersecurity post after Dr. Alex's email hack (9354822113) and the Aug 2026 mandate (10162340623).,open,
adj-dress-code,adjudicate,Tim,conflict-group:dress-code,"Confirm the dress code canon: the Jul 2025 Team Style and Presence post is the pinned standing reference (matching scrub sets, closed-toe shoes, badges, hair back, business casual for admin), all RDAs wear black scrubs for uniformity (Tim, Apr 2026), and violations mean being sent home to change (Aug 2026).","3 items: the pinned Jul 2025 post (8890674652), Tim's Aug 2026 Manor send-home reminder (10173418450), and the Apr 2026 Daily Office Standards whose dress section overlaps (9831415913). Also feeds gap-t3's what-do-people-wear question; note RDA and doctor standards beyond scrub color are still thin.",open,
adj-emergency-closure-procedures,adjudicate,Tim,conflict-group:emergency-closure-procedures,"Is the Feb 2026 Emergency Office Closure Checklist the current protocol for all non-Michigan offices, and has the separate Michigan inclement-weather protocol Dr. Kasey said was in the works actually been written?","2 items: the checklist (9573800557) whose comments say it is explicitly not Michigan's protocol, and Sprout's Jan 2026 winter freeze prep checklist (9498271050), which is prep rather than closure.",open,
adj-new-hire-onboarding-checklist,adjudicate,Tim,conflict-group:new-hire-onboarding-checklist,"Confirm the Oct 2024 consolidated onboarding checklists (Alcan, Michigan, Texas: offer letter and culture guide, DoneDesk, Basecamp, Deputy/ADP, day-one compliance and CareStack University, day-two shadowing) fully replace the 2022 per-step to-do lists, and settle the leftovers: are scrubs ordered through the Scrubs and Beyond account or reimbursed up to $150, and is Thinkific still used for anything?","26 items: the 2022 KTT Texas and PM to-do checklists (scrubs, OneDrive folders, CareStack logins, Thinkific with shared credentials, Basecamp invites, day 1 and 2 timelines, Goodhire, welcome email, compliance reminders) versus the three Oct 2024 consolidated docs (7883522080, 7883522111, 7883522154). The 2022 welcome email also references Homebase, long since replaced by Deputy.",open,
adj-rda-certification-requirements,adjudicate,Tim,conflict-group:rda-certification-requirements,"State the current RDA credential deadlines and money: how many weeks after start is the nitrous monitoring credential due (4 weeks per the 2023 post, 6 weeks per the 2024 offer letters, 90 days per Sprout 2025), and what is the current cost model for courses: advance forgiven after 12 months, or immediate reimbursement (Wes upgraded Sprout to reimbursement)?","5 items: 2023 nitrous post (6114666511), TX and MI offer letter templates (7883521679, 7883521734), Sprout course policy with Wes's upgrade comment (8738606236), and the 2026 KTT $865 polishing/sealant program with forgiveness after 12 months and single-course prices $465/$400 (9811468870).",open,
adj-rda-license-ce-renewal,adjudicate,Dr. Alex,conflict-group:rda-license-ce-renewal,"Confirm the Texas RDA renewal requirements as posted Apr 2025 are current: 12 CE hours per 2 years (6 clinical, 6 live-format), hands-on BLS from AHA or Red Cross only (online-only courses do not count), and the human trafficking prevention course.","3 items: the Apr 2025 refresher (8599868725) and the two 2023 posts on CE sources and acceptable BLS courses (6113004687, 6112808419). Consistent; confirm the hour split has not changed.",open,
adj-rda-daily-checklist,adjudicate,Ariyana,conflict-group:rda-daily-checklist,"Reconcile the two overlapping daily checklists (Lead RDA, 2023, and RDA, 2023): which items belong to the Lead versus every RDA today, and are the specifics still right (7:50 clock-in, 7:45 Thursdays; Lainey Ramsey Ortho lab pickup at 512-924-3893; end-of-day sedation and GA patient calls)?","2 items: 5882972174 and 6448420428, nearly identical content posted for different audiences. Feeds gap-s7's daily rhythm shelf.",open,
adj-daily-manager-checklist,adjudicate,Tim,conflict-group:daily-manager-checklist,"Confirm the Nov 2025 Daily Manager Checklist (the linked Google Sheet regionals check daily) is the single current manager checklist, and say what if anything from the 2023 Practice Manager FC checklist (claim flags, pre-auths within 3 days, cash/EOB scanning, weekly and monthly duties) still applies outside it.","3 items: the 2023 FC checklist docx (6339060021), Tim's Oct 2025 intro (9162836873), and the Nov 2025 definitive post (9266698019).",open,
adj-practice-manager-job-description,adjudicate,Tim,conflict-group:practice-manager-job-description,Is the 2022 Practice Manager job description still the current role definition? It says the PM reports to Colleen; who does a PM report to now that regional managers exist?,2 items: the same JD posted in KTT (6260659869) and PM space (5311231537).,open,
adj-faliam-ordering-rules,adjudicate,Tim,conflict-group:faliam-ordering-rules,"What is the current Faliam ordering practice: formulary-first with lowest-price vendor (Apr 2024), or main-catalog ordering with recurring supplies hearted (the practice that emerged after the Sep 2025 catalog upgrade broke formulary search)? And do vendor minimums still not matter?","3 items: Mar 2024 lowest-price rule (7183386616), Apr 2024 formulary-first rule (7320457565), Sep 2025 upgrade post whose comments carry the shift to hearted main-catalog items (9042060218).",open,
adj-dryshield-ordering,adjudicate,Ariyana,conflict-group:dryshield-ordering,Where do we order Dryshield and Solmetex products today: DC Dental (per the Jul 2024 negotiated pricing post) or Dental City (per the 2023 rule)?,"2 items: 6779848352 (2023, Dental City not Burkhart) and 7621278130 (Jul 2024, DC Dental). Note DC Dental and Dental City are different vendors; the names invite mix-ups, so say it precisely.",open,
adj-dental-city-contact,adjudicate,Tim,conflict-group:dental-city-contact,"Confirm the current Dental City contact: Maria Hamerlinck and the customer service team at dsupport@dentalcity.com (Apr 2025), with the 2024 maternity-cover contact retired.","2 items: 8508986437 (Apr 2025, durable contact) and 7977772928 (Oct 2024, temporary cover).",open,
adj-appliance-cement,adjudicate,Ariyana,conflict-group:appliance-cement,"Confirm the appliance cement standard: is the light-cure cement ordered in Feb 2026 (Texas post) the same Ultra Band-Lok Blue that Michigan documented in Jul 2026, and is it now the standard for spacers and appliances at every office?","2 items: the Feb 2026 KTT Texas order directive (9627004745, product named only in an image) and Dr. Kasey's Jul 2026 Ultra Band-Lok Blue instructions with dry-isolation technique (10125348761).",open,
adj-smilecrew-ortho-referral,adjudicate,Dr. Alex,conflict-group:smilecrew-ortho-referral,"What is the current SmileCrew referral rule in Michigan: free growth guidance consultation offered to all kids 7 and older (Jul 2026, citing the AAO age-7 recommendation), or age 10 and up (Jun 2026)? And are the $1,000-off coupons still Medicaid-priority at doctor discretion?",2 items: Ariyana's Jun 2026 age-10 update (9973376649) and the Jul 2026 age-7 reminder with exclusion criteria (10149761271). The later post likely wins; confirm.,open,
adj-short-call-list,adjudicate,Tim,conflict-group:short-call-list,"Confirm the short call list practice is current in both regions: any family asking for something sooner gets offered the standby list, and patients can be added without a scheduled appointment.","2 items: Tim's 2023 KTT post with demo video (6231594373, kept by John with a stale flag) and Dr. Kasey's Jun 2026 MI reminder with script (9954725100). The 2026 post suggests the practice is alive; confirm the 2023 mechanics still match today's CareStack.",open,
adj-pre-treatment-video-protocol,adjudicate,Ariyana,conflict-group:pre-treatment-video-protocol,"State the one current pre-treatment video rule: which visit types require it (KTT Dec 2024 says before every nitrous treatment; Big Apple Jan 2025 says every treatment appointment except IV sedation; Sprout Jun 2025 says nitrous/treatment but not oral sedation or frenectomies), and is the Big Apple vitals-and-medical-history workflow part of the practice-wide standard?","4 items: 8113409702 (KTT guidelines), 8244485776 (Big Apple full RDA workflow, kept by John with a stale flag), 8716682059 (Sprout protocol), 9787803489 (Apr 2026 Texas restatement). Also names which videos exist per doctor, which feeds gap-a4.",open,
adj-pro-moves-meeting-links-sprout,adjudicate,John,conflict-group:pro-moves-meeting-links-sprout,"Confirm the Apr 2026 Sprout Pro Move meeting links doc (Monday DFI and RDA check-in, Thursday RDA check-out, Friday DFI check-out) is current and the Oct 2025 single-link post is dead.",2 items: 9155246994 (2025) and 9805191167 (Apr 2026 with attached doc).,open,
adj-edustack-daily-expectation,adjudicate,John,conflict-group:edustack-daily-expectation,"Confirm the EduStack expectation as it stands: one activity per day, mandatory (Tim made it not-optional in the PM-space comments), for DFIs. Is it still DFIs only, and are the Wednesday/Friday participation reports still running?",2 items: Tim's May 2026 DFI post with the Starbucks streak incentive (9866050538) and Johno's PM-space post whose comments made it mandatory (9887433830). John owns this program surface.,open,
adj-carestack-support-escalation,adjudicate,Tim,conflict-group:carestack-support-escalation,"State the one current CareStack help path for a team member: self-serve first, then CareStack support (via the Chrome plugin? the CSM Mariann Rodriguez? support@carestack.com?), and when exactly Lauren gets involved. The three posted routes need to become one answer.","3 items: the Chrome plugin instructions (8426459970, Mar 2025), Tim's Sprout 3-step process ending with Lauren for protocol questions and system faults (9003814643, Aug 2025), and Dr. Justin's contact-Mariann-directly post (8910092773, Jul 2025). The Jan 2026 support directory (adj-support-contacts-directory) lists support@carestack.com.",open,
adj-done-desk-required-training,adjudicate,Tim,conflict-group:done-desk-required-training,"What is the current required Done Desk course set: the six courses Tim cut Sprout down to after the 2025 pushback, or the fuller Texas annual list (state courses plus the EAP, plus the x-ray manual for clinical staff)? Say what is required per state today.",2 items: the 2025 Texas compliance push (8771633357) and the Sprout thread whose comments carry Tim's cut to 6 (8580012033).,open,
adj-support-contacts-directory,adjudicate,Tim,conflict-group:support-contacts-directory,"Confirm the Jan 2026 support contacts directory is current: Erickson IT (800-477-6758), VoiceStack (407-833-6436), Medusind (alcan@medusind.com), Uptime (support@uptimehealth.com), CareStack (support@carestack.com).","2 items, same directory posted in Alcan and PM spaces (9502653268, 9502656121).",open,
adj-cs-conversations-memo,adjudicate,Tim,conflict-group:cs-conversations-memo,Confirm the add-conversations-to-memo expectation still stands: DFIs add relevant CareStack text conversations to the patient memo as they happen.,"2 items: the same 2024 announcement with video in DFI and PM spaces (7294371814, 7294365050).",open,
adj-cs-pay-terminal-reference,adjudicate,Tim,conflict-group:cs-pay-terminal-reference,"Are the CS Pay terminal reference details still right (transactions menu 0456, admin 5259, thermal paper 57x40mm), and should terminal passcodes live in the Ask corpus at all or stay in a restricted place?","2 items: 9162484875 (KTT Texas, Jul 2025) and 8638257397 (PM space, May 2025). The second half is a policy call for John/Tim: the corpus is staff-visible, and passcodes may not belong in it.",open,
adj-google-review-response,adjudicate,Tim,conflict-group:google-review-response,"Confirm the current review workflow: DFIs respond to every Google review the same day and immediately escalate anything under 5 stars to the practice manager (Jan 2025). Is the 2022 Wonderist platform workflow dead, and what tool do DFIs respond through now?","2 items: 8264763163 (Jan 2025 policy, with Tim's comment on response rate and PM tracking) and 5246744984 (2022 Wonderist workflow with old escalation emails). Feeds gap-t9, which asks for the response template and the negative-review owner.",open,
adj-marketing-booth-checklist,adjudicate,Tim,conflict-group:marketing-booth-checklist,"Confirm the canonical marketing booth checklist (canopy, table, signage, 3 swag types at 60+ pieces, prize game, and now a tablet with hotspot to book patients on the spot) and settle the open question from the Sprout thread: does every office keep its own full set of booth supplies?","3 items: Big Apple and Sprout postings of the 2025 checklist (8395250580, 8546711159 with the unresolved per-office inventory question, Gracie keeps an inventory list) and the Manor version that added the tablet and hotspot (9206271228).",open,
adj-print-ordering-process,adjudicate,Tim,conflict-group:print-ordering-process,"Confirm print and marketing ordering now runs only through the VistaPrint ProShop (alcandental.ourproshop.com): PMs order, marketing approves every order, about 7 business days delivery, 2 weeks for custom pieces, and nobody orders from Minute Man Press anymore.",2 items: the Jun 2026 transition announcement (9954356646) and the PM-space ProShop details (9955775046).,open,
adj-holiday-referral-gifts,adjudicate,Tim,conflict-group:holiday-referral-gifts,"Is the chocolate tree referral gift a standing December program (managers pull top referring offices, trees delivered by mid-December), or a year-by-year decision?",2 items: the Nov 2024 DFI how-to with video (8052333273) and the Dec 2025 program post with Amazon list and Dec 19 deadline (9351875449).,open,
adj-hazard-com-labels,adjudicate,Ariyana,conflict-group:hazard-com-labels,"Confirm the printable hazard-communication label sheets (CaviCide, Windex, Zep) posted Dec 2024 in the Alcan space are the current ones for secondary containers, retiring the 2022 RDA-space copies.","6 items: three products, each posted in 2022 (RDAs space) and Dec 2024 (Alcan space). Same sheets by size; keep the 2024 set.",open,
adj-povi-one-curodont-guidance,adjudicate,Dr. Alex,conflict-group:povi-one-curodont-guidance,"Confirm the Apr 2026 Povi-One and Curodont training guide is current, including the billing comments: Povi-One under code D9630 at about $86, generally not covered by PPOs or Medicaid so it is patient responsibility, with a signed NCS form for Medicaid patients.","5 items: the training guide (9821660674) plus the branded chairside pages and PDFs posted the same day (9821544115, 9821609135, 9821607604, 9821608434). The guide plus two chairside pages should be the keeps.",open,
adj-crowns-vs-fillings-script,adjudicate,Dr. Alex,conflict-group:crowns-vs-fillings-script,"Confirm your crown-versus-filling script is still what you want quoted: fillings on baby molars last about 2 years with roughly 60% success versus about 95% for crowns, crowns need a shallower cut and less anesthesia time, per AAPD recommendations for children treated under GA.",2 items: the same Sep 2024 script in Alcan (9362178968) and Sprout (8531316733) spaces. Also cross-check against the 2026 zirconia clinical standard (adj-zirconia-crown-billing).,open,
adj-silver-vs-zirconia-education,adjudicate,Dr. Alex,conflict-group:silver-vs-zirconia-education,"Is the 2022 silver-versus-zirconia durability handout still accurate: we use solid Sprig zirconia crowns, about 99% personal success rate versus roughly 95% industry standard for silver, both good choices? The Jul 2026 Michigan standard makes stainless steel the posterior default, so does this handout need a caveat or a refresh?","2 items: the same 2022 docx in DFI (6113092507) and KTT (5588678608) spaces, laminated for parent conversations. The Jul 2026 MI zirconia post also pulled the white-versus-silver pamphlets until the doctor qualifies both options.",open,
adj-molar-options-handout,adjudicate,Dr. Alex,conflict-group:molar-options-handout,Confirm the Feb 2026 refreshed Molar Options PDF is the canonical parent handout and the 2022-2023 versions are retired.,"4 items: 2022 PM-space PDF (with Canva brand-swap discussion), 2023 RDA and Michigan copies, Feb 2026 refresh (9539884067).",open,
adj-space-maintainers-handout,adjudicate,Dr. Alex,conflict-group:space-maintainers-handout,Confirm the Feb 2026 refreshed Space Maintainers PDF is the canonical parent handout and the 2022-2023 versions are retired.,"3 items: 2022 PM-space and 2023 RDA-space copies, Feb 2026 refresh (9539882854).",open,
adj-sdf-handout,adjudicate,Dr. Alex,conflict-group:sdf-handout,Confirm the Feb 2026 refreshed SDF PDF is the canonical parent handout and the 2023 versions are retired.,"3 items: 2023 RDA and Michigan copies, Feb 2026 refresh (9539885099).",open,
adj-sealants-handout,adjudicate,Dr. Alex,conflict-group:sealants-handout,Confirm the Feb 2026 refreshed Sealants PDF is the canonical parent handout and the 2023 version is retired.,"2 items: 2023 RDA-space copy, Feb 2026 refresh (9539886228).",open,
adj-trauma-handout,adjudicate,Dr. Alex,conflict-group:trauma-handout,Confirm the Feb 2026 refreshed Trauma PDF is the canonical parent handout and the 2023 version is retired.,"2 items: 2023 RDA-space copy, Feb 2026 refresh (9539881755).",open,
chk-7801321112,confirm,Tim,ledger:7801321112,"Is Phoenix Children's Hospital (1919 E Thomas Rd, Phoenix, 602-933-1000) still the hospital Dr. Martinez operates at?","Kept Big Apple Q&A row from Sep 2024, flagged stale risk. Facility relationships change; one-sentence confirm.",open,
chk-7803519471,confirm,Tim,ledger:7803519471,"Does Big Apple still handle after-hours emergencies through the Reach answering service routing to Dr. Martinez, with a neighboring office covering his vacations?","Kept Big Apple Q&A row from Sep 2024, flagged stale risk. Note the Texas practices moved to internal on-call in Jan 2026 (adj-after-hours-on-call-protocol); confirm Big Apple's arrangement separately.",open,
chk-7805877753,confirm,Tim,ledger:7805877753,"Is Arizona Dental Anesthesia, LLC (800-997-1220, arizonada.com) still the anesthesia group Big Apple uses?","Kept Big Apple Q&A row from Sep 2024, flagged stale risk. One-sentence confirm.",open,
chk-6231594373,confirm,Tim,ledger:6231594373,"Does the 2023 Short Call List guidance still match today's CareStack (patients addable without a scheduled appointment, offer the standby list when families want something sooner)?",Kept row flagged stale risk. Same question as adj-short-call-list; answering there resolves this row too.,open,
chk-7175558287,confirm,Tim,ledger:7175558287,"Are Taryn's 2024 cancellation scripts (courtesy reschedule first, 24-hour scheduling list second, firmer sedation reschedule script) still what a DFI should say on the phone?","Kept row flagged stale risk. Folded into adj-cancellation-late-policy, which reconciles the script ladder with the 2022 policy ladder.",open,
chk-7305404817,confirm,Tim,ledger:7305404817,Is the April 2024 MetLife scripting dead now that the April 2026 PDP+ adjudication policy exists?,Kept row flagged stale risk; the doc itself warns the network status was as of April 2024. Folded into adj-metlife-network-policy.,open,
chk-6246853442,confirm,Tim,ledger:6246853442,"Is the 2023 MetLife out-of-network conversion playbook (patient notification email, transition-claim posting) still useful as a general playbook for future contract conversions, or retired along with its MetLife specifics?",Kept row flagged stale risk. The MetLife specifics are superseded by the Apr 2026 policy (adj-metlife-network-policy); the reusable-playbook question is what remains.,open,
chk-9362178987,confirm,Tim,ledger:9362178987,"In the Nov 2024 GA cancellation scripting doc, which authority line is the one to keep: OM-only (the doc) or doctors and practice managers only (your comment)?",Kept row flagged stale risk. This is the crux of adj-ga-appointment-changes; answering there resolves this row.,open,
chk-8244485776,confirm,Ariyana,ledger:8244485776,"Is the Big Apple pre-treatment RDA workflow (verify consents and finances, settle the child, welcome script, medical history, vitals, then the video) the practice-wide standard, or Big Apple-specific?",Kept row flagged stale risk. Folded into adj-pre-treatment-video-protocol.,open,
chk-7717431397,confirm,Dr. Alex,ledger:7717431397,"From the Aug 2024 Lake Orion GA notes: are the $500 mask down and $1000 case deposits, the case-ordering tips, and the day-of walkie communication flow still how Michigan GA days run?",Kept row flagged stale risk. The deposit question is part of adj-ga-financial-policy; the workflow half needs its own confirm.,open,
